fico_bucket_pct,fico_bucket_pct(Deep Subprime),fico_bucket_pct(Near Prime),fico_bucket_pct(Prime),fico_bucket_pct(Subprime),fico_bucket_pct(Super-prime)
age_group(18-24),0.2957972353779215,0.30708252966275057,0.3165740550181793,0.30635323109508966,0.26815157926840893
age_group(25-33),0.30437988525663234,0.29726313636097956,0.28422171914660077,0.3084916804138408,0.2794742761289339
age_group(34-40),0.2013072272919795,0.19740341340814774,0.1940797146189202,0.194359585344494,0.2103372028745163
age_group(41-50),0.09830387740171728,0.09903413408147756,0.10101529807230566,0.09223335573613571,0.12021311069175196
age_group(51-64),0.0976685533864695,0.09657928575603482,0.10126226246827191,0.09559377609417322,0.11832599454833113
age_group(65+),0.0025432212852797348,0.00263750073060962,0.002846950675722028,0.002968371316266471,0.0034978364880577954
