gdp_growth_t1_disc,gdp_growth_t1_disc(0.0),gdp_growth_t1_disc(1.0),gdp_growth_t1_disc(2.0)
unemployment_rate_t1_disc(0.0),0.00038243842741318647,0.780973736231203,0.652349046148307
unemployment_rate_t1_disc(1.0),0.151828055683035,0.1205056004503195,0.2386648889188931
unemployment_rate_t1_disc(2.0),0.8477895058895518,0.09852066331847757,0.10898606493280001
